{
  "train_loss": [
    1.5288650604883829,
    0.5736592231790225,
    0.4123988894224167,
    0.33875411728024485,
    0.288455218732357,
    0.259516754557689,
    0.23359451661010583,
    0.21822418653964995,
    0.20435270302991074,
    0.1949596552873651
  ],
  "val_loss": [
    0.6652649958928426,
    0.4101409267981847,
    0.39691259709994,
    0.29831814670562745,
    0.25226571869850156,
    0.2388103598356247,
    0.21979833989342054,
    0.22017244762182236,
    0.17914701461791993,
    0.18577149364352227
  ],
  "val_acc": [
    78.15833333333333,
    87.90833333333333,
    87.75,
    90.475,
    92.10833333333333,
    92.75833333333334,
    93.34166666666667,
    93.41666666666667,
    94.6,
    94.38333333333334
  ],
  "epochs": 10,
  "model_name": "RelaxedP4CNN",
  "learning_rate": 0.002,
  "kwargs": {
    "in_channels": 1,
    "hidden_dim": 20,
    "out_channels": 20,
    "classes": 10,
    "num_gconvs": 6,
    "kernel_size": 3,
    "group_order": 4
  },
  "noise_type": "aniso",
  "std": 0.1
}