{
  "train_loss": [
    2.0325133511225384,
    1.680166331132253
  ],
  "val_loss": [
    1.7915202198028564,
    1.5712733996709187
  ],
  "val_acc": [
    37.25833333333333,
    42.46666666666667
  ],
  "epochs": 2,
  "model_name": "PlainCNN",
  "learning_rate": 0.001,
  "noise_type": "iso",
  "std": 0
}