{
  "train_loss": [
    1.9239719082514446,
    1.4454466090202331,
    1.067415414571762,
    0.8501223145723343,
    0.7222260145743687,
    0.6557142081260681,
    0.5928891270160676,
    0.5519877374966939,
    0.504878604888916,
    0.4653853662808736
  ],
  "val_loss": [
    1.7727057978312175,
    1.1989212013880413,
    0.9087093836466471,
    0.8205481632550558,
    0.6989394801457723,
    0.6282648808956146,
    0.5398880646228791,
    0.5534443017641704,
    0.4734480128288269,
    0.4239095874627431
  ],
  "val_acc": [
    33.28333333333333,
    54.43333333333333,
    66.85833333333333,
    71.45,
    76.64166666666667,
    80.69166666666666,
    82.49166666666666,
    82.11666666666666,
    85.06666666666666,
    86.48333333333333
  ],
  "epochs": 10,
  "model_name": "PlainCNN",
  "learning_rate": 0.002,
  "kwargs": {
    "in_channels": 1,
    "hidden_dim": 20,
    "out_channels": 20,
    "classes": 10,
    "num_gconvs": 6,
    "kernel_size": 3,
    "group_order": 4
  },
  "noise_type": "aniso",
  "std": 0.1
}