{
  "train_loss": [
    2.902468722343445,
    2.319299311319987
  ],
  "val_loss": [
    2.2914876728057862,
    2.28635498046875
  ],
  "val_acc": [
    11.733333333333333,
    11.525
  ],
  "epochs": 2,
  "model_name": "RelaxedP4CNN",
  "learning_rate": 0.001,
  "noise_type": "iso",
  "std": 1
}