{
  "train_loss": [
    2.1920140964190167,
    2.1553883775075278
  ],
  "val_loss": [
    2.160236447652181,
    2.1339785874684654
  ],
  "val_acc": [
    19.783333333333335,
    21.583333333333332
  ],
  "epochs": 2,
  "model_name": "PlainCNN",
  "learning_rate": 0.001,
  "noise_type": "iso",
  "std": 1
}