{
  "train_loss": [
    2.00355086739858,
    1.8217449363072713,
    1.6298086272875467,
    1.243566070318222,
    1.0934854594071706,
    1.0223966612815858,
    0.9057195038795471,
    0.789041756272316,
    0.696023526151975,
    0.6386767127513886
  ],
  "val_loss": [
    1.8197845513025919,
    1.7810697193145753,
    1.4224977525075277,
    1.1503233110109965,
    1.1245243582725526,
    0.9820132767359415,
    0.8536103954315185,
    0.7006527983347575,
    0.6195240540504455,
    0.6139473090171814
  ],
  "val_acc": [
    31.975,
    34.09166666666667,
    47.391666666666666,
    57.95,
    57.56666666666667,
    65.65,
    70.175,
    77.18333333333334,
    79.55833333333334,
    80.03333333333333
  ],
  "epochs": 10,
  "model_name": "PlainCNN",
  "learning_rate": 0.002,
  "kwargs": {
    "in_channels": 1,
    "hidden_dim": 20,
    "out_channels": 20,
    "classes": 10,
    "num_gconvs": 6,
    "kernel_size": 3,
    "group_order": 4
  },
  "noise_type": "aniso",
  "std": 0.2
}