{
  "train_loss": [
    1.948156762123108,
    1.52976473681132,
    0.9842720932165782,
    0.8216640560229619,
    0.6912856794595719,
    0.5989893691937128,
    0.550919581870238,
    0.5070818318724633,
    0.470034182647864,
    0.4450998318394025,
    0.42440061100323995,
    0.4072368052601814,
    0.3955958487987518,
    0.3805506773392359,
    0.36657388018568354,
    0.3498625915447871,
    0.3437846755087376,
    0.3326176806390285,
    0.3175839600066344,
    0.3142524784207344,
    0.3052613259156545,
    0.2936586579581102,
    0.28642192323009175,
    0.2839078049659729,
    0.2786447712133328,
    0.2785875037014484,
    0.2630364761551221,
    0.26395605978866415,
    0.2624811836679776,
    0.2512573639452457,
    0.2522482616603374,
    0.2542274295290311,
    0.24617034443716207,
    0.2430425244420767,
    0.2421709586828947,
    0.2456163481324911,
    0.23746279317637284,
    0.23328786464532217,
    0.23390562576055526,
    0.2272296877205372
  ],
  "val_loss": [
    1.8810494578679402,
    1.1645673831303915,
    0.8902702005704244,
    0.724853290716807,
    0.6225454018910725,
    0.6007067653338114,
    0.547762737751007,
    0.4769491107463837,
    0.4494891856511434,
    0.4262153300444285,
    0.411418350259463,
    0.43015464607874554,
    0.40761041140556337,
    0.4059655989011129,
    0.36726794695854187,
    0.35301545413335167,
    0.30885596680641175,
    0.33898717478911083,
    0.31836616905530296,
    0.34149219759305316,
    0.28206992920239765,
    0.28520143282413485,
    0.2728515625397364,
    0.27752616290251414,
    0.2597676544586817,
    0.2697823280493418,
    0.24959605014324188,
    0.25793250679969787,
    0.2509187839825948,
    0.24988300530115765,
    0.24820167191823322,
    0.2384583917458852,
    0.25043171389897667,
    0.26308926689624784,
    0.23316619406143824,
    0.22474821186065674,
    0.2315114095012347,
    0.24102964039643607,
    0.22683932443459828,
    0.25481090366840364
  ],
  "val_acc": [
    30.091666666666665,
    55.391666666666666,
    67.34166666666667,
    76.03333333333333,
    80.1,
    80.73333333333333,
    81.69166666666666,
    84.35,
    85.89166666666667,
    86.94166666666666,
    87.5,
    86.93333333333334,
    87.23333333333333,
    87.18333333333334,
    88.64166666666667,
    89.28333333333333,
    90.64166666666667,
    89.25,
    90.025,
    89.54166666666667,
    91.46666666666667,
    90.94166666666666,
    91.275,
    91.65833333333333,
    91.875,
    91.13333333333334,
    92.26666666666667,
    92.01666666666667,
    92.46666666666667,
    92.13333333333334,
    92.65,
    92.56666666666666,
    92.21666666666667,
    91.93333333333334,
    92.70833333333333,
    93.15833333333333,
    92.83333333333333,
    92.38333333333334,
    92.95833333333333,
    92.025
  ],
  "epochs": 40,
  "model_name": "PlainCNN",
  "learning_rate": 0.002,
  "kwargs": {
    "in_channels": 1,
    "hidden_dim": 20,
    "out_channels": 20,
    "classes": 10,
    "num_gconvs": 6,
    "kernel_size": 3,
    "group_order": 4
  },
  "noise_type": "aniso",
  "std": 0.2,
  "gamma": 2,
  "group_order": 4
}