{
  "train_loss": [
    1.9785910185178122,
    1.7778793703715006
  ],
  "val_loss": [
    1.8340179716746012,
    1.75662992699941
  ],
  "val_acc": [
    30.825,
    34.50833333333333
  ],
  "epochs": 2,
  "model_name": "PlainCNN",
  "learning_rate": 0.001,
  "noise_type": "iso",
  "std": 0
}