{
  "train_loss": [
    3.612824951171875,
    1.983488639831543
  ],
  "val_loss": [
    2.222398965835571,
    1.8364047498703002
  ],
  "val_acc": [
    13.316666666666666,
    26.858333333333334
  ],
  "epochs": 2,
  "model_name": "RelaxedP4CNN",
  "learning_rate": 0.001,
  "noise_type": "aniso",
  "std": 0
}