{
  "train_loss": [
    1.9255065267880758,
    1.3534414355754851,
    1.0629901923338572,
    0.8618561721245448,
    0.7532246327797572,
    0.6930449099143347,
    0.6376051811774571,
    0.5850387407143911,
    0.547004069685936,
    0.511990917801857,
    0.4837920574148496,
    0.4445509151816368,
    0.4188342552582423,
    0.39249889642000196,
    0.37290659405787785,
    0.3478277968466282,
    0.3360699178179105,
    0.32323378363251687,
    0.31206982213258744,
    0.29809615056713423,
    0.2984766811231772,
    0.2879050852855047,
    0.2834336321949959,
    0.27442674855391186,
    0.267095220759511,
    0.2654541747868061,
    0.25628083291649817,
    0.25274503554900485,
    0.248037651181221,
    0.24737685234844684,
    0.24717311430970829,
    0.23966294120500486,
    0.23960308328767618,
    0.23133987540006637,
    0.23081940654913585,
    0.22726459363351265,
    0.2274936601370573,
    0.22742325226465862,
    0.22729034199317297,
    0.2200546844402949
  ],
  "val_loss": [
    1.7871689338684082,
    1.1536849190394083,
    1.0336684006055197,
    0.898124410311381,
    0.7148436409632365,
    0.6751102828979492,
    0.600953179359436,
    0.5417643044789632,
    0.576789622147878,
    0.4972250188191732,
    0.42373555032412213,
    0.4428165914217631,
    0.43629130109151204,
    0.35164228844642637,
    0.37689505410194396,
    0.32214463623364764,
    0.32175906729698184,
    0.3002731164296468,
    0.31444605163733164,
    0.29856882866223655,
    0.28818627405166625,
    0.30484529916445413,
    0.2909862671295802,
    0.2723513859510422,
    0.28240955714384713,
    0.25299760699272156,
    0.2566217099825541,
    0.2553563050031662,
    0.23569165909290313,
    0.24101021536191305,
    0.2783175954023997,
    0.2292748364607493,
    0.23597081645329793,
    0.2245267482797305,
    0.23147702904542286,
    0.21086261280377705,
    0.2555910104115804,
    0.26821631236871085,
    0.21748415319124859,
    0.23413623132308325
  ],
  "val_acc": [
    32.81666666666667,
    58.56666666666667,
    61.81666666666667,
    69.60833333333333,
    76.90833333333333,
    78.1,
    81.65,
    82.8,
    81.58333333333333,
    84.29166666666667,
    87.55833333333334,
    85.75833333333334,
    86.35,
    89.25833333333334,
    87.84166666666667,
    89.59166666666667,
    90.11666666666666,
    90.06666666666666,
    90.08333333333333,
    90.89166666666667,
    91.03333333333333,
    89.93333333333334,
    90.725,
    91.79166666666667,
    91.40833333333333,
    92.05833333333334,
    91.925,
    91.99166666666666,
    92.45,
    92.58333333333333,
    90.79166666666667,
    93.15833333333333,
    92.675,
    92.925,
    92.425,
    93.575,
    91.95833333333333,
    91.94166666666666,
    93.125,
    92.80833333333334
  ],
  "epochs": 40,
  "model_name": "PlainCNN",
  "learning_rate": 0.002,
  "kwargs": {
    "in_channels": 1,
    "hidden_dim": 20,
    "out_channels": 20,
    "classes": 10,
    "num_gconvs": 6,
    "kernel_size": 3,
    "group_order": 4
  },
  "noise_type": "iso",
  "std": 0.2,
  "gamma": 2,
  "group_order": 4
}