{
  "train_loss": [
    1.9612365077336629,
    1.811690096060435,
    1.493819020430247,
    1.0375054627259572,
    0.8033723297119141,
    0.6754232340256373,
    0.6086088531812032,
    0.5545668906370799,
    0.49701273266474405,
    0.4475561662713687
  ],
  "val_loss": [
    1.8218538506825765,
    1.7715796581904093,
    1.2563917910257976,
    0.9324584511121115,
    0.7640783721605937,
    0.6543936564127604,
    0.6479992384910583,
    0.5217691950798035,
    0.4796354484558105,
    0.47917129000027975
  ],
  "val_acc": [
    29.65,
    33.516666666666666,
    53.59166666666667,
    67.84166666666667,
    75.33333333333333,
    79.1,
    79.025,
    83.45,
    84.96666666666667,
    84.35833333333333
  ],
  "epochs": 10,
  "model_name": "PlainCNN",
  "learning_rate": 0.002,
  "kwargs": {
    "in_channels": 1,
    "hidden_dim": 20,
    "out_channels": 20,
    "classes": 10,
    "num_gconvs": 6,
    "kernel_size": 3,
    "group_order": 4
  },
  "noise_type": "iso",
  "std": 0.2
}