{
  "train_loss": [
    1.5631950497627258,
    0.7827918395201365,
    0.607471684773763,
    0.481796036918958,
    0.40355330280462903,
    0.35144228368004166,
    0.3260867099265258,
    0.29919382253289223,
    0.2877312854429086,
    0.26612574527661004
  ],
  "val_loss": [
    0.9641513408025105,
    0.7243949786822002,
    0.55329123878479,
    0.39246669483184815,
    0.35870267526308697,
    0.31235984818140666,
    0.33058228754997254,
    0.2721197829941909,
    0.28488425358136493,
    0.24388383316993714
  ],
  "val_acc": [
    63.36666666666667,
    74.01666666666667,
    82.11666666666666,
    87.9,
    89.24166666666666,
    90.44166666666666,
    89.24166666666666,
    91.775,
    91.41666666666667,
    92.59166666666667
  ],
  "epochs": 10,
  "model_name": "RelaxedP4CNN",
  "learning_rate": 0.002,
  "kwargs": {
    "in_channels": 1,
    "hidden_dim": 20,
    "out_channels": 20,
    "classes": 10,
    "num_gconvs": 6,
    "kernel_size": 3,
    "group_order": 4
  },
  "noise_type": "aniso",
  "std": 0.1
}