{
  "train_loss": [
    1.39911190589269,
    0.5171916814645131,
    0.30628859166304273,
    0.24166778507332007,
    0.20469931357105572,
    0.17649002632498742,
    0.15663944598038992,
    0.14211089147379,
    0.13118347527459265,
    0.12272657033925255
  ],
  "val_loss": [
    0.663210345586141,
    0.32504135036468507,
    0.2655881818930308,
    0.2220601901213328,
    0.1874271290898323,
    0.15236619514226912,
    0.1316223094413678,
    0.1354482666750749,
    0.12656690768400827,
    0.1527745518585046
  ],
  "val_acc": [
    79.575,
    89.65833333333333,
    91.63333333333334,
    92.38333333333334,
    94.05,
    95.49166666666666,
    95.875,
    95.76666666666667,
    95.94166666666666,
    95.21666666666667
  ],
  "epochs": 10,
  "model_name": "P4CNN",
  "learning_rate": 0.002,
  "kwargs": {
    "in_channels": 1,
    "hidden_dim": 20,
    "out_channels": 20,
    "classes": 10,
    "num_gconvs": 6,
    "kernel_size": 3,
    "group_order": 4
  },
  "noise_type": "none",
  "std": 0.1
}