{
  "train_loss": [
    2.2749002873102824,
    2.157402290503184
  ],
  "val_loss": [
    2.2018892828623455,
    2.1491606725056966
  ],
  "val_acc": [
    17.958333333333332,
    20.441666666666666
  ],
  "epochs": 2,
  "model_name": "P4CNN",
  "learning_rate": 0.001,
  "noise_type": "iso",
  "std": 1
}