{
  "train_loss": [
    2.2536663761138915,
    2.1444283623695375
  ],
  "val_loss": [
    2.1531609121958413,
    2.1607012646993002
  ],
  "val_acc": [
    20.775,
    19.875
  ],
  "epochs": 2,
  "model_name": "PlainCNN",
  "learning_rate": 0.001,
  "noise_type": "aniso",
  "std": 1
}