{
  "train_loss": [
    1.960312605857849,
    1.589340391476949,
    1.0422849647204082,
    0.8322055415312449,
    0.7052050533294678,
    0.6372120824654897,
    0.5715083470344543,
    0.5346834605137507,
    0.49296954639752705,
    0.45487868432203926,
    0.41303758005301155,
    0.3775493290126324,
    0.3637124955654144,
    0.33959822564323744,
    0.3224714688460032,
    0.30812185603380204,
    0.2994352347453435,
    0.2930466245611509,
    0.2815164020856222,
    0.2753854171137015,
    0.2670436323881149,
    0.2584750555604696,
    0.2538148761789004,
    0.2529436367303133,
    0.24871220833063126,
    0.23597255565226077,
    0.23432389764487743,
    0.22764535844822725,
    0.2260409315228462,
    0.22349573634564876,
    0.22039939327786365,
    0.21575512954592704,
    0.21584334761897722,
    0.20788595030705134,
    0.20931932880977788,
    0.2060747655183077,
    0.20108028324941793,
    0.20518460823595525,
    0.19543205186227958,
    0.1985864187727372
  ],
  "val_loss": [
    1.8170522855122884,
    1.1896529092788697,
    0.9904550546010336,
    0.7512306677500407,
    0.7306081312497457,
    0.6363659397761027,
    0.5704162319501241,
    0.5023358572324117,
    0.4747226010163625,
    0.43328812170028685,
    0.39841170024871825,
    0.32448184474309283,
    0.32490188312530516,
    0.32857092829545337,
    0.33100551390647887,
    0.32572488180796305,
    0.3229819104671478,
    0.2587798796892166,
    0.283077152689298,
    0.2868473017613093,
    0.24661265552043915,
    0.2628698983192444,
    0.2877935777902603,
    0.24749786988894146,
    0.2618548310200373,
    0.24200318014621736,
    0.24769763871033987,
    0.21048666765292487,
    0.2381352004210154,
    0.21227261499563854,
    0.27458755457401274,
    0.20903210538625716,
    0.22613708384831746,
    0.26084576747814814,
    0.21727172857522964,
    0.20203484463691712,
    0.20078401750326155,
    0.23683241134881974,
    0.20980326024691265,
    0.1839359835386276
  ],
  "val_acc": [
    32.46666666666667,
    55.80833333333333,
    64.76666666666667,
    74.13333333333334,
    74.99166666666666,
    80.05833333333334,
    81.41666666666667,
    84.55833333333334,
    84.7,
    86.19166666666666,
    87.75,
    89.74166666666666,
    89.78333333333333,
    89.675,
    90.025,
    89.39166666666667,
    89.975,
    91.93333333333334,
    91.03333333333333,
    90.73333333333333,
    92.30833333333334,
    91.70833333333333,
    90.94166666666666,
    92.20833333333333,
    91.85833333333333,
    92.59166666666667,
    92.15,
    93.55,
    92.65833333333333,
    93.54166666666667,
    91.48333333333333,
    93.325,
    92.81666666666666,
    92.06666666666666,
    93.16666666666667,
    93.71666666666667,
    93.59166666666667,
    92.99166666666666,
    93.60833333333333,
    94.18333333333334
  ],
  "epochs": 40,
  "model_name": "PlainCNN",
  "learning_rate": 0.002,
  "kwargs": {
    "in_channels": 1,
    "hidden_dim": 20,
    "out_channels": 20,
    "classes": 10,
    "num_gconvs": 6,
    "kernel_size": 3,
    "group_order": 4
  },
  "noise_type": "aniso",
  "std": 0.1,
  "gamma": 2,
  "group_order": 4
}