{
  "train_loss": [
    1.6824212032953898,
    1.0636832619508108,
    0.8957462016741434,
    0.8061090391476949
  ],
  "val_loss": [
    1.235368190606435,
    0.9170062144597372,
    0.8080877558390299,
    0.7298340891202291
  ],
  "val_acc": [
    55.608333333333334,
    69.15833333333333,
    71.225,
    74.75
  ],
  "epochs": 4,
  "model_name": "P4CNN",
  "learning_rate": 0.001,
  "noise_type": "none"
}