{
  "train_loss": [
    1.9568908038139343,
    1.7195182429949443,
    1.4365469495455423,
    1.2939667553901673,
    1.1657404997348786,
    1.0220983952681224,
    0.901470465540886,
    0.7911693480412165,
    0.7179932291905086,
    0.6321772048075994
  ],
  "val_loss": [
    1.804473554611206,
    1.4796949230829874,
    1.3254902861913045,
    1.2485747152964275,
    1.076345253944397,
    0.9819060347874959,
    0.8457191648483277,
    0.7247655647595723,
    0.6945476977825165,
    0.6096990648905436
  ],
  "val_acc": [
    31.108333333333334,
    45.291666666666664,
    53.083333333333336,
    53.05833333333333,
    61.05,
    63.75833333333333,
    69.58333333333333,
    73.68333333333334,
    76.39166666666667,
    79.35833333333333
  ],
  "epochs": 10,
  "model_name": "PlainCNN",
  "learning_rate": 0.002,
  "kwargs": {
    "in_channels": 1,
    "hidden_dim": 20,
    "out_channels": 20,
    "classes": 10,
    "num_gconvs": 6,
    "kernel_size": 3,
    "group_order": 4
  },
  "noise_type": "iso",
  "std": 0.1
}