{
  "train_loss": [
    1.85125439898173,
    1.2036465050379435,
    0.7602002160946528,
    0.532323069870472,
    0.401304646452268,
    0.31818496536215146,
    0.2741755575090647,
    0.2552219603061676,
    0.24260436065495014,
    0.22784274892508985
  ],
  "val_loss": [
    1.4904086618423462,
    0.9318907519976298,
    0.6002999483744303,
    0.43368030643463135,
    0.3417975603342056,
    0.27165333886941273,
    0.3147771186431249,
    0.26335931885242464,
    0.2090857730706533,
    0.19631796485185624
  ],
  "val_acc": [
    40.53333333333333,
    63.458333333333336,
    78.98333333333333,
    85.91666666666667,
    88.68333333333334,
    91.45,
    90.425,
    91.6,
    93.53333333333333,
    93.675
  ],
  "epochs": 10,
  "model_name": "RelaxedP4CNN",
  "learning_rate": 0.002,
  "kwargs": {
    "in_channels": 1,
    "hidden_dim": 20,
    "out_channels": 20,
    "classes": 10,
    "num_gconvs": 6,
    "kernel_size": 3,
    "group_order": 4
  },
  "noise_type": "iso",
  "std": 0.1
}