{
  "train_loss": [
    1.7885609290599822,
    1.2889641486008963,
    0.9973233553568522,
    0.7150635469357173,
    0.4772142991423607,
    0.35045777904987335,
    0.30052690660953524,
    0.27494873012105625,
    0.24749937437971434,
    0.23405452071130275
  ],
  "val_loss": [
    1.3385721362431844,
    1.1170802955627441,
    0.775469951470693,
    0.6950465803146362,
    0.36529806252320607,
    0.3094012766679128,
    0.28829531093438465,
    0.24792496983210247,
    0.24066494689385096,
    0.242130191385746
  ],
  "val_acc": [
    50.19166666666667,
    61.325,
    71.875,
    75.91666666666667,
    87.59166666666667,
    89.76666666666667,
    90.54166666666667,
    91.74166666666666,
    92.18333333333334,
    92.68333333333334
  ],
  "epochs": 10,
  "model_name": "RelaxedP4CNN",
  "learning_rate": 0.002,
  "kwargs": {
    "in_channels": 1,
    "hidden_dim": 20,
    "out_channels": 20,
    "classes": 10,
    "num_gconvs": 6,
    "kernel_size": 3,
    "group_order": 4
  },
  "noise_type": "iso",
  "std": 0.1
}