{
  "train_loss": [
    1.7825407892068228,
    0.6358803269664447,
    0.3496059324244658,
    0.28850491853555044,
    0.2525965216457844,
    0.20432190609474976,
    0.1769324098577102,
    0.1668538791264097,
    0.15642169861495495,
    0.15057191205893955
  ],
  "val_loss": [
    1.0846008583704632,
    0.4580394078095754,
    0.3086594515244166,
    0.25941097432374954,
    0.230256246984005,
    0.18030558558305104,
    0.16778896767894427,
    0.1550424607594808,
    0.14502167678872743,
    0.15461955926815668
  ],
  "val_acc": [
    60.733333333333334,
    85.25833333333334,
    90.04166666666667,
    91.30833333333334,
    92.925,
    94.275,
    94.80833333333334,
    95.35,
    95.68333333333334,
    95.50833333333334
  ],
  "epochs": 10,
  "model_name": "P4CNN",
  "learning_rate": 0.002,
  "kwargs": {
    "in_channels": 1,
    "hidden_dim": 20,
    "out_channels": 20,
    "classes": 10,
    "num_gconvs": 6,
    "kernel_size": 3,
    "group_order": 4
  },
  "noise_type": "aniso",
  "std": 0.1
}