{
  "train_loss": [
    1.9977749951680501,
    1.8363277850151063
  ],
  "val_loss": [
    1.875422435760498,
    1.8361101322174072
  ],
  "val_acc": [
    28.433333333333334,
    29.725
  ],
  "epochs": 2,
  "model_name": "PlainCNN",
  "learning_rate": 0.001,
  "noise_type": "iso",
  "std": 0,
  "model": "Plain CNN"
}