{
  "train_loss": [
    1.917110261440277,
    1.6626972495714822,
    1.194125851313273,
    0.9431829282442729,
    0.789295580347379,
    0.661478926261266,
    0.5578994623621305,
    0.4891833693186442,
    0.4113115714987119,
    0.368442795197169,
    0.3383943635225296,
    0.3168805350760619,
    0.302035893201828,
    0.2818701173861822,
    0.27016858374575775,
    0.25367400764425596,
    0.2495204601585865,
    0.24646454614400864,
    0.22918940058847267,
    0.2265275521700581,
    0.2180189189016819,
    0.2152856240173181,
    0.21570387300848962,
    0.2094455609023571,
    0.20730923580129942,
    0.2074273057381312,
    0.20083902175724505,
    0.19970249648888905,
    0.19304437915980815,
    0.19154774346202613,
    0.19189726197967927,
    0.18721682612349588,
    0.18631069326897462,
    0.18328313433130583,
    0.1809124555538098,
    0.17933306457599005,
    0.1763365312665701,
    0.17689712972193955,
    0.17637066593766212,
    0.17346815793092052
  ],
  "val_loss": [
    1.7677796618143717,
    1.3782313763300578,
    1.1868295551935832,
    0.8117206913630167,
    0.835346626440684,
    0.585385532617569,
    0.5092755103905996,
    0.43491330520311994,
    0.3811546850999196,
    0.34282634282112123,
    0.33675298730532327,
    0.2845991143782934,
    0.27833629393577575,
    0.30237013069788615,
    0.28490744189421335,
    0.2302634387811025,
    0.2306757296125094,
    0.24268486326932906,
    0.2192298815647761,
    0.25455326096216835,
    0.2034687868754069,
    0.2418655697107315,
    0.239116712252299,
    0.22169223550955455,
    0.22788721656799316,
    0.20385102820396422,
    0.2114725434780121,
    0.18166983699798583,
    0.219450097878774,
    0.21940835559368133,
    0.19257833516597747,
    0.19788544098536173,
    0.1879794372121493,
    0.21344280034303664,
    0.2126125742594401,
    0.1752309797803561,
    0.19398519359032312,
    0.19613499345382054,
    0.18304743842283885,
    0.20641241378585498
  ],
  "val_acc": [
    31.625,
    51.43333333333333,
    56.15833333333333,
    69.175,
    69.85,
    80.64166666666667,
    83.96666666666667,
    86.20833333333333,
    87.61666666666666,
    89.09166666666667,
    89.2,
    91.11666666666666,
    91.05833333333334,
    90.30833333333334,
    91.08333333333333,
    92.91666666666667,
    93.00833333333334,
    92.2,
    93.19166666666666,
    92.08333333333333,
    93.6,
    92.65833333333333,
    91.93333333333334,
    92.91666666666667,
    92.425,
    93.28333333333333,
    93.1,
    94.43333333333334,
    93.23333333333333,
    93.325,
    94.03333333333333,
    93.55,
    93.98333333333333,
    93.26666666666667,
    93.3,
    94.56666666666666,
    94.11666666666666,
    93.90833333333333,
    94.025,
    93.44166666666666
  ],
  "epochs": 40,
  "model_name": "PlainCNN",
  "learning_rate": 0.002,
  "kwargs": {
    "in_channels": 1,
    "hidden_dim": 20,
    "out_channels": 20,
    "classes": 10,
    "num_gconvs": 6,
    "kernel_size": 3,
    "group_order": 4
  },
  "noise_type": "none",
  "std": 0.1,
  "gamma": 2,
  "group_order": 4
}