{
  "train_loss": [
    1.9326405612627666,
    1.2724976783593496,
    0.9078907088836035,
    0.7687945277690887,
    0.650303745230039,
    0.5772089665929476,
    0.525448509991169,
    0.4865596899191538,
    0.4434568791985512,
    0.40591995509465534
  ],
  "val_loss": [
    1.6923007551829021,
    1.0270177079836527,
    0.930691517829895,
    0.7379274857838949,
    0.5912243061860403,
    0.6611402575969696,
    0.4927164005438487,
    0.43983207662900287,
    0.39136578130722044,
    0.39146604180336
  ],
  "val_acc": [
    37.59166666666667,
    63.975,
    67.5,
    75.075,
    81.73333333333333,
    79.56666666666666,
    84.89166666666667,
    86.85833333333333,
    87.875,
    87.525
  ],
  "epochs": 10,
  "model_name": "PlainCNN",
  "learning_rate": 0.002,
  "kwargs": {
    "in_channels": 1,
    "hidden_dim": 20,
    "out_channels": 20,
    "classes": 10,
    "num_gconvs": 6,
    "kernel_size": 3,
    "group_order": 4
  },
  "noise_type": "none",
  "std": 0.1
}