{
  "train_loss": [
    2.0073027784029644,
    1.4128428608576458,
    0.9619132511615753,
    0.8403286811510722,
    0.7610161936283112,
    0.6939428653319677,
    0.6257574416001638,
    0.57174709490935,
    0.5304098816514016,
    0.46889237336317696
  ],
  "val_loss": [
    1.571291472117106,
    1.1075213702519735,
    0.8874710291226705,
    0.7981196854909262,
    0.7093314579327901,
    0.7831278228759766,
    0.5913719924290975,
    0.6098648669719696,
    0.4920940322081248,
    0.4310501709779104
  ],
  "val_acc": [
    42.875,
    60.391666666666666,
    67.64166666666667,
    72.69166666666666,
    76.95833333333333,
    74.16666666666667,
    81.33333333333333,
    79.18333333333334,
    84.03333333333333,
    86.88333333333334
  ],
  "epochs": 10,
  "model_name": "RelaxedP4CNN",
  "learning_rate": 0.002,
  "kwargs": {
    "in_channels": 1,
    "hidden_dim": 20,
    "out_channels": 20,
    "classes": 10,
    "num_gconvs": 6,
    "kernel_size": 3,
    "group_order": 4
  },
  "noise_type": "aniso",
  "std": 0.3
}