{
  "train_loss": [
    2.312887797673543,
    2.3022179651260375,
    2.302348393122355,
    2.302381972312927,
    2.30232200272878,
    2.302377439498901,
    2.3023217242558798,
    2.302423023541768,
    2.302401966094971,
    2.3023457533518474
  ],
  "val_loss": [
    2.3010261408487955,
    2.3007370643615723,
    2.3010592308044435,
    2.300656936645508,
    2.300778081258138,
    2.30080405553182,
    2.3007553939819334,
    2.3006802304585774,
    2.3006571890513103,
    2.3007737566630047
  ],
  "val_acc": [
    11.325,
    11.325,
    11.325,
    11.325,
    11.325,
    11.325,
    11.325,
    11.325,
    11.325,
    11.325
  ],
  "epochs": 10,
  "model_name": "RelaxedP4CNN",
  "learning_rate": 0.002,
  "kwargs": {
    "in_channels": 1,
    "hidden_dim": 20,
    "out_channels": 20,
    "classes": 10,
    "num_gconvs": 6,
    "kernel_size": 3,
    "group_order": 4
  },
  "noise_type": "aniso",
  "std": 0.3
}