{
  "train_loss": [
    2.1159410573641457,
    1.6938738873799641
  ],
  "val_loss": [
    1.760366807937622,
    1.5890428380966186
  ],
  "val_acc": [
    30.341666666666665,
    41.15833333333333
  ],
  "epochs": 2,
  "model_name": "P4CNN",
  "learning_rate": 0.001,
  "noise_type": "aniso",
  "std": 0
}