{
  "train_loss": [
    3.3769163961410524,
    2.0543785430590313
  ],
  "val_loss": [
    2.1916598313649494,
    1.8926787675221761
  ],
  "val_acc": [
    17.516666666666666,
    28.075
  ],
  "epochs": 2,
  "model_name": "RelaxedP4CNN",
  "learning_rate": 0.001,
  "noise_type": "iso",
  "std": 0
}