{
  "train_loss": [
    1.5460362606843312,
    0.6421573766072591,
    0.4223743999799093,
    0.32870846636096634,
    0.28945847145716347,
    0.2594270957658688,
    0.24070257890224456,
    0.22278112750748794,
    0.20910451978941758,
    0.20340952388197184
  ],
  "val_loss": [
    0.8067658529281616,
    0.4600428366661072,
    0.4358219794432322,
    0.28072427546977996,
    0.2930653525988261,
    0.22881480946143468,
    0.2540381743510564,
    0.22545136710007985,
    0.2421922085682551,
    0.21276850926876067
  ],
  "val_acc": [
    73.68333333333334,
    85.13333333333334,
    85.99166666666666,
    91.50833333333334,
    91.13333333333334,
    92.80833333333334,
    91.81666666666666,
    92.95833333333333,
    92.34166666666667,
    92.98333333333333
  ],
  "epochs": 10,
  "model_name": "P4CNN",
  "learning_rate": 0.002,
  "kwargs": {
    "in_channels": 1,
    "hidden_dim": 20,
    "out_channels": 20,
    "classes": 10,
    "num_gconvs": 6,
    "kernel_size": 3,
    "group_order": 4
  },
  "noise_type": "iso",
  "std": 0.3
}