{
  "train_loss": [
    2.008117924372355,
    1.377443652232488,
    1.0536851794719697,
    0.7884887319803238,
    0.5602436240712801,
    0.4657918401360512,
    0.39841031934817633,
    0.3675075236459573,
    0.34346510089437166,
    0.3195717672308286
  ],
  "val_loss": [
    1.5202829761505128,
    1.1638755337397257,
    0.9447441722551981,
    0.6343901871045431,
    0.4885877482096354,
    0.4141814416249593,
    0.3600931126276652,
    0.4169731861750285,
    0.31972057966391243,
    0.27693760987122856
  ],
  "val_acc": [
    44.666666666666664,
    57.81666666666667,
    67.04166666666667,
    79.44166666666666,
    84.825,
    87.03333333333333,
    88.90833333333333,
    86.6,
    89.825,
    91.53333333333333
  ],
  "epochs": 10,
  "model_name": "RelaxedP4CNN",
  "learning_rate": 0.002,
  "kwargs": {
    "in_channels": 1,
    "hidden_dim": 20,
    "out_channels": 20,
    "classes": 10,
    "num_gconvs": 6,
    "kernel_size": 3,
    "group_order": 4
  },
  "noise_type": "iso",
  "std": 0.3
}