{
  "train_loss": [
    2.0883243142763774,
    1.2941233439445496,
    0.8411995455821355,
    0.6121913623015086,
    0.4912978261311849,
    0.42908099498351415,
    0.39637190249562265,
    0.3723422243396441,
    0.34670207010706267,
    0.32583231524626416
  ],
  "val_loss": [
    1.7563370812733967,
    0.9918449743588765,
    0.7153056100209554,
    0.579092623313268,
    0.47630730764071144,
    0.4738135593732198,
    0.4332827571233114,
    0.4324420831998189,
    0.3419080007870992,
    0.31573996726671855
  ],
  "val_acc": [
    37.7,
    63.608333333333334,
    75.91666666666667,
    81.68333333333334,
    84.55,
    85.325,
    85.34166666666667,
    85.41666666666667,
    89.05,
    89.83333333333333
  ],
  "epochs": 10,
  "model_name": "RelaxedP4CNN",
  "learning_rate": 0.002,
  "kwargs": {
    "in_channels": 1,
    "hidden_dim": 20,
    "out_channels": 20,
    "classes": 10,
    "num_gconvs": 6,
    "kernel_size": 3,
    "group_order": 4
  },
  "noise_type": "iso",
  "std": 0.3
}