{
  "train_loss": [
    3.6743193372090657,
    2.3355831209818523
  ],
  "val_loss": [
    2.312988779703776,
    2.3014134413401286
  ],
  "val_acc": [
    9.775,
    11.325
  ],
  "epochs": 2,
  "model_name": "RelaxedP4CNN",
  "learning_rate": 0.001,
  "noise_type": "aniso",
  "std": 1
}