{
  "train_loss": [
    1.745286780834198,
    0.6452858055233955,
    0.3168482481042544,
    0.25681654415527977,
    0.2207291970377167,
    0.20409576713045438,
    0.18846497555573782,
    0.17801715030769508,
    0.16935578852643568,
    0.1579969129016002
  ],
  "val_loss": [
    1.075068817138672,
    0.42244316804409027,
    0.2847038317521413,
    0.22764076240857442,
    0.2625225961605708,
    0.2061320555607478,
    0.18260667673746744,
    0.21406828971703848,
    0.2205623759229978,
    0.2186159024834633
  ],
  "val_acc": [
    60.8,
    85.39166666666667,
    90.69166666666666,
    92.95,
    92.19166666666666,
    93.94166666666666,
    94.21666666666667,
    93.45833333333333,
    93.09166666666667,
    92.975
  ],
  "epochs": 10,
  "model_name": "P4CNN",
  "learning_rate": 0.002,
  "kwargs": {
    "in_channels": 1,
    "hidden_dim": 20,
    "out_channels": 20,
    "classes": 10,
    "num_gconvs": 6,
    "kernel_size": 3,
    "group_order": 4
  },
  "noise_type": "aniso",
  "std": 0.2
}