{
  "train_loss": [
    1.9958439114888509,
    1.1809543911616007,
    0.9374464687506358,
    0.8414264546632767,
    0.7567587700684866,
    0.6668125760555267,
    0.6102102795441945,
    0.5727667247653008,
    0.5418755449652671,
    0.5101837075948715
  ],
  "val_loss": [
    1.6185170335769654,
    1.0041431900660196,
    1.109726985613505,
    0.825541507879893,
    0.7219418500264486,
    0.7126888564427694,
    0.5487363492647807,
    0.6004813787142436,
    0.521851005077362,
    0.48585306366284686
  ],
  "val_acc": [
    41.391666666666666,
    63.733333333333334,
    60.13333333333333,
    71.56666666666666,
    76.30833333333334,
    76.73333333333333,
    82.16666666666667,
    80.65,
    83.35833333333333,
    84.45
  ],
  "epochs": 10,
  "model_name": "PlainCNN",
  "learning_rate": 0.002,
  "kwargs": {
    "in_channels": 1,
    "hidden_dim": 20,
    "out_channels": 20,
    "classes": 10,
    "num_gconvs": 6,
    "kernel_size": 3,
    "group_order": 4
  },
  "noise_type": "aniso",
  "std": 0.3
}