{
  "train_loss": [
    2.08500962972641,
    1.3222773311932883,
    0.8279931595722835,
    0.6814451388120651,
    0.5793870113889377,
    0.49454403974612554,
    0.45189994339148204,
    0.4134055789510409,
    0.374051373898983,
    0.3450739185214043
  ],
  "val_loss": [
    1.7074649645487467,
    0.9113476678530376,
    0.7003582878112793,
    0.592517516930898,
    0.5519420826435089,
    0.4973961873849233,
    0.4280298852920532,
    0.39398546727498374,
    0.34634104533990223,
    0.38108529698848725
  ],
  "val_acc": [
    33.766666666666666,
    67.125,
    75.775,
    80.64166666666667,
    82.175,
    83.85,
    86.375,
    87.65833333333333,
    89.50833333333334,
    87.96666666666667
  ],
  "epochs": 10,
  "model_name": "RelaxedP4CNN",
  "learning_rate": 0.002,
  "kwargs": {
    "in_channels": 1,
    "hidden_dim": 20,
    "out_channels": 20,
    "classes": 10,
    "num_gconvs": 6,
    "kernel_size": 3,
    "group_order": 4
  },
  "noise_type": "aniso",
  "std": 0.2
}