{
  "train_loss": [
    1.8508982216517131,
    0.9614399867455165,
    0.6472158850431442,
    0.49773664011557894,
    0.38907188587387403,
    0.3367833877603213,
    0.30366921255985896,
    0.2777627627849579,
    0.2659438601831595,
    0.24905061961710453
  ],
  "val_loss": [
    1.3396392504374186,
    0.7228724392255147,
    0.5257381711800894,
    0.42167247327168783,
    0.34385581604639687,
    0.2953161953687668,
    0.3029192082285881,
    0.3213211097717285,
    0.22862478385368984,
    0.23853010388215382
  ],
  "val_acc": [
    51.775,
    75.125,
    83.4,
    86.95833333333333,
    89.60833333333333,
    90.9,
    91.35,
    89.75833333333334,
    92.83333333333333,
    92.69166666666666
  ],
  "epochs": 10,
  "model_name": "RelaxedP4CNN",
  "learning_rate": 0.002,
  "kwargs": {
    "in_channels": 1,
    "hidden_dim": 20,
    "out_channels": 20,
    "classes": 10,
    "num_gconvs": 6,
    "kernel_size": 3,
    "group_order": 4
  },
  "noise_type": "aniso",
  "std": 0.2
}