{
  "train_loss": [
    1.6379877547423045,
    0.8959393974145253,
    0.6340030905008316,
    0.48733811811606087,
    0.39712495132287345,
    0.33089625147978463,
    0.2917371786683798,
    0.2665813236286243,
    0.24335727544128896,
    0.23452370553215346
  ],
  "val_loss": [
    1.0777565530141195,
    0.7268863774935405,
    0.5332881978352865,
    0.480509778102239,
    0.3394828355709712,
    0.2996504284938176,
    0.24301187694072723,
    0.25706200949350994,
    0.206545636455218,
    0.24727632244428
  ],
  "val_acc": [
    60.666666666666664,
    72.24166666666666,
    82.94166666666666,
    84.15833333333333,
    88.95,
    90.66666666666667,
    92.15,
    92.00833333333334,
    93.625,
    92.03333333333333
  ],
  "epochs": 10,
  "model_name": "RelaxedP4CNN",
  "learning_rate": 0.002,
  "kwargs": {
    "in_channels": 1,
    "hidden_dim": 20,
    "out_channels": 20,
    "classes": 10,
    "num_gconvs": 6,
    "kernel_size": 3,
    "group_order": 4
  },
  "noise_type": "iso",
  "std": 0.2
}