{
  "train_loss": [
    1.856343612829844,
    1.435658953030904,
    1.2139248406887055,
    0.9570308257738749,
    0.8829344062010447,
    0.8110903738737106,
    0.7525984744230906,
    0.6828475112517675,
    0.6293016026814778,
    0.5859154231945674
  ],
  "val_loss": [
    1.4775090840657552,
    1.2939561392466228,
    1.0147066694895426,
    0.9161711657842,
    0.8870094558397928,
    0.7888576545715332,
    0.7668444592158,
    0.6163641696770986,
    0.5934588789145152,
    0.5555304629007976
  ],
  "val_acc": [
    46.18333333333333,
    52.75833333333333,
    63.833333333333336,
    65.05833333333334,
    68.23333333333333,
    72.225,
    72.50833333333334,
    78.89166666666667,
    79.6,
    80.74166666666666
  ],
  "epochs": 10,
  "model_name": "RelaxedP4CNN",
  "learning_rate": 0.002,
  "kwargs": {
    "in_channels": 1,
    "hidden_dim": 20,
    "out_channels": 20,
    "classes": 10,
    "num_gconvs": 6,
    "kernel_size": 3,
    "group_order": 4
  },
  "noise_type": "iso",
  "std": 0.2
}