{
  "train_loss": [
    2.302177689552307,
    2.301897957801819,
    2.3018128935496014,
    2.3016570523579913,
    2.3016868346532187,
    2.301716380119324,
    2.3017520202000936,
    2.301618429819743,
    2.3016538575490317,
    2.3017426659266156,
    2.3016321264902753,
    2.3015929425557453,
    2.3016224794387816,
    2.30159912776947,
    2.3015663064320884,
    2.301611759821574,
    2.3015837036768594,
    2.301598435719808,
    2.3015640570322673,
    2.301624584833781,
    2.3016040064493817,
    2.301629694620768,
    2.30155491511027,
    2.3015440130233764,
    2.3015669116973876,
    2.3015725380579632,
    2.3015398346583047,
    2.301566713651021,
    2.301563977241516,
    2.301600951830546,
    2.301589238802592,
    2.3015843464533488,
    2.3016543566385903,
    2.3016018699010212,
    2.301597988128662,
    2.301569313367208,
    2.30159796778361,
    2.3015863008499147,
    2.3016091604232787,
    2.3015262616475423
  ],
  "val_loss": [
    2.302188496907552,
    2.300641635894775,
    2.30113307317098,
    2.301006803512573,
    2.30100138092041,
    2.300772308985392,
    2.300811688105265,
    2.301077049255371,
    2.3009752305348714,
    2.3007852160135904,
    2.3008591804504395,
    2.3009560324350993,
    2.3007918955485027,
    2.300872802098592,
    2.3007813428243002,
    2.300938493092855,
    2.300770117441813,
    2.3008297106424966,
    2.300876823425293,
    2.300743721008301,
    2.3008830025990803,
    2.300721076329549,
    2.300701295216878,
    2.3008191375732423,
    2.300909849802653,
    2.3010685068766277,
    2.3006915499369303,
    2.300729961395264,
    2.300791166941325,
    2.300917828877767,
    2.300810737609863,
    2.3011455039978026,
    2.3007273712158205,
    2.30068502553304,
    2.300729145685832,
    2.3007971483866374,
    2.300707364400228,
    2.300833656311035,
    2.3008176485697427,
    2.3008489049275718
  ],
  "val_acc": [
    11.325,
    11.325,
    11.325,
    11.325,
    11.325,
    11.325,
    11.325,
    11.325,
    11.325,
    11.325,
    11.325,
    11.325,
    11.325,
    11.325,
    11.325,
    11.325,
    11.325,
    11.325,
    11.325,
    11.325,
    11.325,
    11.325,
    11.325,
    11.325,
    11.325,
    11.325,
    11.325,
    11.325,
    11.325,
    11.325,
    11.325,
    11.325,
    11.325,
    11.325,
    11.325,
    11.325,
    11.325,
    11.325,
    11.325,
    11.325
  ],
  "epochs": 40,
  "model_name": "PlainCNN",
  "learning_rate": 0.002,
  "kwargs": {
    "in_channels": 1,
    "hidden_dim": 20,
    "out_channels": 20,
    "classes": 10,
    "num_gconvs": 6,
    "kernel_size": 3,
    "group_order": 4
  },
  "noise_type": "iso",
  "std": 0.1,
  "gamma": 2,
  "group_order": 4
}