{
  "train_loss": [
    2.021764368057251,
    1.4434790309270222
  ],
  "val_loss": [
    1.65144913260142,
    1.3299701703389486
  ],
  "val_acc": [
    35.233333333333334,
    49.266666666666666
  ],
  "epochs": 2,
  "model_name": "P4CNN",
  "learning_rate": 0.001,
  "noise_type": "iso",
  "std": 0
}