{
  "train_loss": [
    1.7808243392308554,
    0.7351918595631918,
    0.42631966890891393,
    0.31987222089370093,
    0.26824766920506954,
    0.23714653963843982,
    0.22033933596313,
    0.20548166232804457,
    0.19318158975243568,
    0.18129649050533772
  ],
  "val_loss": [
    1.1162068729400634,
    0.5212728102207184,
    0.3393105800151825,
    0.27907939354578654,
    0.26552784522374473,
    0.21998435421784718,
    0.19028793025016785,
    0.21789387118816375,
    0.17389066855112711,
    0.2017784572839737
  ],
  "val_acc": [
    61.34166666666667,
    82.85,
    88.83333333333333,
    91.50833333333334,
    91.20833333333333,
    93.23333333333333,
    94.03333333333333,
    92.86666666666666,
    94.98333333333333,
    94.1
  ],
  "epochs": 10,
  "model_name": "P4CNN",
  "learning_rate": 0.002,
  "kwargs": {
    "in_channels": 1,
    "hidden_dim": 20,
    "out_channels": 20,
    "classes": 10,
    "num_gconvs": 6,
    "kernel_size": 3,
    "group_order": 4
  },
  "noise_type": "iso",
  "std": 0.2
}