{
  "train_loss": [
    1.6382969935735068,
    1.0643016710281372,
    0.8148654265403747,
    0.6926400682528814,
    0.6054084412455559,
    0.5078553067644437,
    0.41588980887333554,
    0.3529290864964326,
    0.2953395215372244,
    0.2631082894653082
  ],
  "val_loss": [
    1.1582124910354614,
    0.8603951649665833,
    0.7524054115613301,
    0.61178449010849,
    0.5164439257780711,
    0.4085885329643885,
    0.48386537011464437,
    0.3506652818520864,
    0.3241684392293294,
    0.2704143320719401
  ],
  "val_acc": [
    58.075,
    69.69166666666666,
    74.85,
    80.56666666666666,
    83.85833333333333,
    86.875,
    84.35833333333333,
    88.61666666666666,
    89.8,
    92.175
  ],
  "epochs": 10,
  "model_name": "RelaxedP4CNN",
  "learning_rate": 0.002,
  "kwargs": {
    "in_channels": 1,
    "hidden_dim": 20,
    "out_channels": 20,
    "classes": 10,
    "num_gconvs": 6,
    "kernel_size": 3,
    "group_order": 4
  },
  "noise_type": "none",
  "std": 0.1
}