{
  "train_loss": [
    1.3814674252669017,
    0.6946218391259511,
    0.5267070949872334,
    0.4206294026176135,
    0.3520477069715659,
    0.3175069706539313,
    0.28499589672187964,
    0.26715134300788246,
    0.23933618276566268,
    0.22533970620234808
  ],
  "val_loss": [
    0.8627739006678263,
    0.5829888030687967,
    0.4522411723136902,
    0.38790216120084126,
    0.3164533617893855,
    0.37402310891946156,
    0.2899993951320648,
    0.22845219039916992,
    0.21741972651084265,
    0.23179250355561573
  ],
  "val_acc": [
    69.35833333333333,
    81.38333333333334,
    86.06666666666666,
    87.175,
    90.46666666666667,
    87.3,
    91.05,
    92.575,
    93.41666666666667,
    92.54166666666667
  ],
  "epochs": 10,
  "model_name": "RelaxedP4CNN",
  "learning_rate": 0.002,
  "kwargs": {
    "in_channels": 1,
    "hidden_dim": 20,
    "out_channels": 20,
    "classes": 10,
    "num_gconvs": 6,
    "kernel_size": 3,
    "group_order": 4
  },
  "noise_type": "none",
  "std": 0.1
}