{
  "train_loss": [
    1.8170041689872742,
    0.9983412301937739,
    0.6056446729501088,
    0.46315925393501917,
    0.3919033736586571,
    0.3466145574798187,
    0.31080752591292066,
    0.28293408132592834,
    0.2698949643522501,
    0.25855885124206546
  ],
  "val_loss": [
    1.3326956246693928,
    0.7239822300275167,
    0.5460544831752777,
    0.5100449944337209,
    0.33624997329711914,
    0.3563243899345398,
    0.29305308051904044,
    0.2679350930651029,
    0.2791538019180298,
    0.27941683248678845
  ],
  "val_acc": [
    49.59166666666667,
    76.45833333333333,
    82.84166666666667,
    82.95,
    89.6,
    88.90833333333333,
    90.49166666666666,
    91.88333333333334,
    91.5,
    91.025
  ],
  "epochs": 10,
  "model_name": "P4CNN",
  "learning_rate": 0.002,
  "kwargs": {
    "in_channels": 1,
    "hidden_dim": 20,
    "out_channels": 20,
    "classes": 10,
    "num_gconvs": 6,
    "kernel_size": 3,
    "group_order": 4
  },
  "noise_type": "aniso",
  "std": 0.3
}