{
  "train_loss": [
    2.3038279412587483,
    2.292683667500814
  ],
  "val_loss": [
    2.2995310242970786,
    2.206934556325277
  ],
  "val_acc": [
    11.325,
    14.883333333333333
  ],
  "epochs": 2,
  "model_name": "P4CNN",
  "learning_rate": 0.001,
  "noise_type": "aniso",
  "std": 1
}