{
  "train_loss": [
    1.5558499954541525,
    0.5625136171380679,
    0.32550270747145016,
    0.2471678900718689,
    0.2173437749495109,
    0.19522663598010936,
    0.1723776606619358,
    0.15621858642995357,
    0.1458268962179621,
    0.1386763870616754
  ],
  "val_loss": [
    0.8305038887659709,
    0.47354380091031395,
    0.2599452512860298,
    0.21461295876900355,
    0.19795304846763612,
    0.19254010140895844,
    0.18181162891785305,
    0.14294341334203878,
    0.16012920957803725,
    0.13350392163793245
  ],
  "val_acc": [
    69.33333333333333,
    83.1,
    91.93333333333334,
    93.2,
    93.625,
    94.325,
    94.36666666666666,
    95.64166666666667,
    95.23333333333333,
    95.80833333333334
  ],
  "epochs": 10,
  "model_name": "P4CNN",
  "learning_rate": 0.002,
  "kwargs": {
    "in_channels": 1,
    "hidden_dim": 20,
    "out_channels": 20,
    "classes": 10,
    "num_gconvs": 6,
    "kernel_size": 3,
    "group_order": 4
  },
  "noise_type": "iso",
  "std": 0.1
}