{
  "train_loss": [
    1.931636822382609,
    1.4965307494799296,
    0.9661229750315349,
    0.7686343487898508,
    0.6872201869487763,
    0.6172086463371913,
    0.573467423081398,
    0.5290558875004451,
    0.4883251492381096,
    0.4580475553274155,
    0.4343970675468445,
    0.4103520867228508,
    0.39771287391583127,
    0.3776579151848952,
    0.36622519942124687,
    0.3518344761232535,
    0.33786786551276843,
    0.3356326500574748,
    0.3244111829598745,
    0.3181771861215433,
    0.3140244776407878,
    0.30458157569169997,
    0.296241202801466,
    0.29954003005226454,
    0.2872754123310248,
    0.2823402041991552,
    0.2764247483660777,
    0.27026190632085006,
    0.2635554781556129,
    0.2675016458928585,
    0.26302789770563445,
    0.2592721570332845,
    0.2562222831572096,
    0.2532384381939968,
    0.2511330102831125,
    0.2457915966808796,
    0.2464825167308251,
    0.24182043871283532,
    0.2382036541601022,
    0.23774750092625618
  ],
  "val_loss": [
    1.7740383990605673,
    1.1803470916748047,
    0.7988566176096599,
    0.6912678469022115,
    0.6320950043996175,
    0.6059409336249033,
    0.5254139858881632,
    0.5615279710292816,
    0.46221467304229735,
    0.424207072019577,
    0.45364009094238283,
    0.40570843919118244,
    0.42134974249204,
    0.4067837785879771,
    0.355858326792717,
    0.37534704808394115,
    0.3503761636416117,
    0.3092237875461578,
    0.31607688069343565,
    0.33858904695510866,
    0.2999787353277206,
    0.32091310536861417,
    0.2828181292215983,
    0.31675006047884624,
    0.3150549436410268,
    0.2893547138373057,
    0.26754279297590255,
    0.289942193031311,
    0.25686162650585176,
    0.2600186328490575,
    0.2706142412026723,
    0.25265808443228405,
    0.27579851146539053,
    0.2662329737742742,
    0.3180158224105835,
    0.27432057897249856,
    0.23178958646456402,
    0.24638065059979758,
    0.24484791324536007,
    0.22909588718414306
  ],
  "val_acc": [
    32.63333333333333,
    58.00833333333333,
    74.08333333333333,
    77.19166666666666,
    79.31666666666666,
    81.06666666666666,
    83.66666666666667,
    82.24166666666666,
    85.64166666666667,
    86.89166666666667,
    85.68333333333334,
    87.55,
    86.70833333333333,
    87.68333333333334,
    89.6,
    88.78333333333333,
    89.20833333333333,
    90.33333333333333,
    89.99166666666666,
    89.48333333333333,
    90.99166666666666,
    90.03333333333333,
    91.41666666666667,
    90.49166666666666,
    89.64166666666667,
    90.975,
    91.8,
    90.78333333333333,
    92.05833333333334,
    91.85833333333333,
    91.78333333333333,
    92.075,
    91.48333333333333,
    91.725,
    90.05833333333334,
    91.59166666666667,
    92.825,
    92.4,
    92.26666666666667,
    93.05833333333334
  ],
  "epochs": 40,
  "model_name": "PlainCNN",
  "learning_rate": 0.002,
  "kwargs": {
    "in_channels": 1,
    "hidden_dim": 20,
    "out_channels": 20,
    "classes": 10,
    "num_gconvs": 6,
    "kernel_size": 3,
    "group_order": 4
  },
  "noise_type": "iso",
  "std": 0.3,
  "gamma": 2,
  "group_order": 4
}