{
  "train_loss": [
    2.1254423967997234,
    1.824482167561849,
    1.6928356753985088,
    1.3870138595104218,
    1.0981692476272582,
    0.9681652801434198,
    0.878775798479716,
    0.799529398282369,
    0.7370111973285675,
    0.6813790848255158
  ],
  "val_loss": [
    1.8493678522109986,
    1.7779201876322428,
    1.503456137339274,
    1.1897506252924601,
    1.037578935623169,
    0.9771209146181742,
    0.8850115531285604,
    0.7688127247492472,
    0.684337340037028,
    0.6204288811683655
  ],
  "val_acc": [
    30.016666666666666,
    33.141666666666666,
    45.40833333333333,
    57.458333333333336,
    63.208333333333336,
    65.33333333333333,
    69.725,
    73.725,
    77.69166666666666,
    79.375
  ],
  "epochs": 10,
  "model_name": "PlainCNN",
  "learning_rate": 0.002,
  "kwargs": {
    "in_channels": 1,
    "hidden_dim": 20,
    "out_channels": 20,
    "classes": 10,
    "num_gconvs": 6,
    "kernel_size": 3,
    "group_order": 4
  },
  "noise_type": "iso",
  "std": 0.3
}