{
  "train_loss": [
    2.015755978266398,
    1.779084175904592
  ],
  "val_loss": [
    1.8780031468073528,
    1.6324355061848959
  ],
  "val_acc": [
    28.908333333333335,
    42.2
  ],
  "epochs": 2,
  "model_name": "PlainCNN",
  "learning_rate": 0.001,
  "noise_type": "aniso",
  "std": 0
}